<?xml version="1.0" encoding="UTF-8"?>
<addon id="repository.castagnait" name="CastagnaIT Repository" version="2.0.0" provider-name="castagnait">
	<requires>
		<import addon="xbmc.addon" version="12.0.0"/>
	</requires>
	<extension point="xbmc.addon.repository" name="CastagnaIT Repository">
		<dir minversion="18.9.9">
			<info>https://github.com/CastagnaIT/repository.castagnait/raw/matrix/addons.xml</info>
			<checksum>https://github.com/CastagnaIT/repository.castagnait/raw/matrix/addons.xml.md5</checksum>
			<datadir zip="true">https://github.com/CastagnaIT/repository.castagnait/raw/matrix/zip</datadir>
			<hashes>false</hashes>
		</dir>
		<dir maxversion="18.9.0">
			<info>https://github.com/CastagnaIT/repository.castagnait/raw/master/addons.xml</info>
			<checksum>https://github.com/CastagnaIT/repository.castagnait/raw/master/addons.xml.md5</checksum>
			<datadir zip="true">https://github.com/CastagnaIT/repository.castagnait/raw/master/zip</datadir>
			<hashes>false</hashes>
		</dir>
	</extension>
	<extension point="xbmc.addon.metadata">
		<summary>CastagnaIT Repository</summary>
		<description>Castagna IT repository for Kodi add-ons</description>
		<platform>all</platform>
		<assets>
			<icon>icon.jpg</icon>
		</assets>
	</extension>
</addon>