<?xml version="1.0" encoding="UTF-8" standalone="yes"?>
<addon id="plugin.program.bitmatrix" name="[COLOR cyan][B]Bit[/B][/COLOR][COLOR azure]Matrix[/COLOR]" version="2.0.8" provider-name="tveecf">
    <requires>
        <import addon="xbmc.python" version="3.0.0" />
        <import addon="script.module.requests" />
        <import addon="script.module.six" />
        <import addon="script.kodi.android.update" optional="true" version="1.1.7" />
        <import addon="script.speedtester" optional="true" version="1.1.2" />
    </requires>
    <extension point="xbmc.python.pluginsource" library="default.py">
        <provides>executable</provides>
    </extension>
    <extension point="xbmc.service" library="startup.py" start="startup" />
    <extension point="xbmc.addon.metadata">
        <summary lang="en">[COLOR cyan][B]Bit[/B][/COLOR][COLOR azure]Matrix[/COLOR]</summary>
        <description lang="en">[COLOR cyan][B]Bit[/B][/COLOR][COLOR azure]Matrix[/COLOR] offers many maintenance features, selective add-on data saving, and automated build installs.</description>
        <platform>all</platform>
        <reuselanguageinvoker>false</reuselanguageinvoker>
        <source>https://www.github.com/tveecf/plugin.program.bitmatrix/</source>
        <news>
        </news>
        <assets>
            <icon>icon.png</icon>
            <fanart>fanart.png</fanart>
        </assets>
    </extension>
</addon>
